{"cameraMode":{"drawMode":0,"name":"Shaded","section":"Shading Mode"},"sceneLighting":true,"audioPlay":false,"sceneViewState":{"showFog":true,"showMaterialUpdate":true,"showSkybox":true,"showFlares":true,"showImageEffects":true,"showParticleSystems":true},"in2DMode":false,"pivot":{"x":-0.10633943229913712,"y":0.670945405960083,"z":-0.21683944761753083},"rotation":{"x":-0.14190363883972169,"y":0.07624106854200363,"z":-0.010982991196215153,"w":-0.9869058728218079},"size":1.1095316410064698,"orthographic":false}